{
  "controller/Home.controller.js": 1708340220224,
  "manifest.json": 1708341870069,
  "i18n/i18n.properties": 1708340249652,
  "controller/App.controller.js": 1708340220216,
  "model/models.js": 1708340220212,
  "Component.js": 1708340220204,
  "Component-dbg.js": 1708340220204,
  "Component.js.map": 1708341870461,
  "controller/App-dbg.controller.js": 1708340220216,
  "controller/App.controller.js.map": 1708341870459,
  "model/models-dbg.js": 1708340220212,
  "model/models.js.map": 1708341870460,
  "controller/Home-dbg.controller.js": 1708340220224,
  "controller/Home.controller.js.map": 1708341870450,
  "Component-preload.js": 1708341870851,
  "Component-preload.js.map": 1708341870851,
  "view/Home.view.xml": 1708340220220,
  "view/App.view.xml": 1708340220220,
  "css/style.css": 1708340220216,
  "index.html": 1708340220208
}